{
	"info": {
		"_postman_id": "f65576c2-4dda-41cd-be3c-ba37483daf41",
		"name": "ISI_TP2",
		"schema": "https://schema.getpostman.com/json/collection/v2.1.0/collection.json",
		"_exporter_id": "19757703"
	},
	"item": [
		{
			"name": "users",
			"request": {
				"method": "GET",
				"header": [],
				"url": {
					"raw": "{{url}}/users",
					"host": [
						"{{url}}"
					],
					"path": [
						"users"
					]
				}
			},
			"response": []
		},
		{
			"name": "groups",
			"request": {
				"method": "GET",
				"header": [],
				"url": {
					"raw": "{{url}}/groups",
					"host": [
						"{{url}}"
					],
					"path": [
						"groups"
					]
				}
			},
			"response": []
		},
		{
			"name": "devices",
			"request": {
				"method": "GET",
				"header": [],
				"url": {
					"raw": "{{url}}/devices",
					"host": [
						"{{url}}"
					],
					"path": [
						"devices"
					]
				}
			},
			"response": []
		},
		{
			"name": "logs",
			"request": {
				"method": "GET",
				"header": [],
				"url": {
					"raw": "{{url}}/logs",
					"host": [
						"{{url}}"
					],
					"path": [
						"logs"
					]
				}
			},
			"response": []
		},
		{
			"name": "devices",
			"request": {
				"method": "POST",
				"header": [],
				"url": {
					"raw": "{{url}}/devices",
					"host": [
						"{{url}}"
					],
					"path": [
						"devices"
					]
				}
			},
			"response": []
		},
		{
			"name": "logs",
			"request": {
				"method": "POST",
				"header": [],
				"url": {
					"raw": "{{url}}/logs",
					"host": [
						"{{url}}"
					],
					"path": [
						"logs"
					]
				}
			},
			"response": []
		},
		{
			"name": "login",
			"request": {
				"method": "POST",
				"header": [],
				"body": {
					"mode": "formdata",
					"formdata": [
						{
							"key": "username",
							"value": "admin",
							"type": "text"
						},
						{
							"key": "password",
							"value": "admin",
							"type": "text"
						}
					]
				},
				"url": {
					"raw": "{{url}}/api-auth/login",
					"host": [
						"{{url}}"
					],
					"path": [
						"api-auth",
						"login"
					]
				}
			},
			"response": []
		},
		{
			"name": "logout",
			"request": {
				"method": "POST",
				"header": [],
				"body": {
					"mode": "formdata",
					"formdata": [
						{
							"key": "username",
							"value": "admin",
							"type": "text"
						},
						{
							"key": "password",
							"value": "admin",
							"type": "text"
						}
					]
				},
				"url": {
					"raw": "{{url}}/api-auth/login",
					"host": [
						"{{url}}"
					],
					"path": [
						"api-auth",
						"login"
					]
				}
			},
			"response": []
		}
	]
}